Team,Lineup,Against,Points,Rebounds_Off,Rebounds_Def,Rebounds_Total,Assists,Steals,Blocks,Turnovers,Fouls,FG_Made,FG_Attempted,FG_Pct,3PT_Made,3PT_Attempted,3PT_Pct,FT_Made,FT_Attempted,FT_Pct,ShotsInPaint_Made,ShotsInPaint_Attempted,PointsInPaint,Fastbreak_Made,Fastbreak_Attempted,FastbreakPoints
"Rochester (N.Y.)","ADETOSOYE TOMIWA, ODIBO JUSTIN, OPREA CORVIN, RAZI LUKE, MAYHEW JOHN","Middlebury","2",0,1,1,0,0,0,0,3,1,3,33.3,0,1,0.0,0,0,0.0,0,0,0,0,0,0
"Rochester (N.Y.)","ADETOSOYE TOMIWA, ODIBO JUSTIN, OPREA CORVIN, RAZI LUKE, HENDERSON SAM","Middlebury","10",0,1,1,0,0,0,0,1,4,5,80.0,2,3,66.7,0,0,0.0,2,2,4,0,0,0
"Rochester (N.Y.)","ADETOSOYE TOMIWA, ODIBO JUSTIN, OWUSU JORDAN, MURRAY THEO, HENDERSON SAM","Middlebury","4",1,3,4,0,0,1,0,0,1,3,33.3,0,0,0.0,2,3,66.7,1,1,2,0,0,0
"Rochester (N.Y.)","JR BERNARD DUSHIE, OPREA CORVIN, OWUSU JORDAN, MURRAY THEO, RAZI LUKE","Middlebury","0",0,0,0,0,0,0,0,1,0,1,0.0,0,0,0.0,0,0,0.0,0,0,0,0,0,0
"Rochester (N.Y.)","JR BERNARD DUSHIE, OPREA CORVIN, OWUSU JORDAN, YOUNG MJ, RAZI LUKE","Middlebury","3",0,1,1,1,0,0,2,1,1,3,33.3,1,2,50.0,0,0,0.0,0,0,0,0,0,0
"Rochester (N.Y.)","ODIBO JUSTIN, OPREA CORVIN, HENDERSON SAM, ADETOSOYE TOMIWA, RAZI LUKE","Middlebury","0",0,0,0,0,0,0,1,0,0,0,0.0,0,0,0.0,0,0,0.0,0,0,0,0,0,0
"Rochester (N.Y.)","ODIBO JUSTIN, OPREA CORVIN, HENDERSON SAM, ADETOSOYE TOMIWA, YOUNG MJ","Middlebury","3",3,0,3,1,1,0,0,1,1,5,20.0,0,2,0.0,1,1,100.0,1,1,2,0,0,0
"Rochester (N.Y.)","ODIBO JUSTIN, OPREA CORVIN, MAYHEW JOHN, ADETOSOYE TOMIWA, RAZI LUKE","Middlebury","2",0,1,1,0,0,0,1,0,1,3,33.3,0,0,0.0,0,0,0.0,1,1,2,0,0,0
"Rochester (N.Y.)","MURRAY THEO, OPREA CORVIN, MAYHEW JOHN, OWUSU JORDAN, RAZI LUKE","Middlebury","5",1,0,1,0,0,0,1,0,2,5,40.0,0,0,0.0,1,1,100.0,2,2,4,0,0,0
"Rochester (N.Y.)","ODIBO JUSTIN, OPREA CORVIN, HENDERSON SAM, OWUSU JORDAN, RAZI LUKE","Middlebury","0",0,0,0,0,0,0,0,0,0,2,0.0,0,2,0.0,0,0,0.0,0,0,0,0,0,0
"Rochester (N.Y.)","ODIBO JUSTIN, OPREA CORVIN, HENDERSON SAM, OWUSU JORDAN, ADETOSOYE TOMIWA","Middlebury","4",1,1,2,0,0,0,0,1,2,3,66.7,0,1,0.0,0,0,0.0,2,2,4,0,0,0
"Rochester (N.Y.)","ODIBO JUSTIN, OPREA CORVIN, HENDERSON SAM, MURRAY THEO, ADETOSOYE TOMIWA","Middlebury","0",1,1,2,0,0,1,1,1,0,3,0.0,0,1,0.0,0,0,0.0,0,0,0,0,0,0
"Rochester (N.Y.)","ODIBO JUSTIN, OPREA CORVIN, HENDERSON SAM, MURRAY THEO, RAZI LUKE","Middlebury","11",0,2,2,0,2,0,2,4,4,4,100.0,0,0,0.0,3,3,100.0,4,4,8,0,0,0
"Rochester (N.Y.)","HENDERSON SAM, OPREA CORVIN, HENDERSON SAM, MURRAY THEO, OWUSU JORDAN","Middlebury","5",1,0,1,0,0,0,0,0,2,3,66.7,0,0,0.0,1,2,50.0,2,2,4,0,0,0
"Rochester (N.Y.)","HENDERSON SAM, ODIBO JUSTIN, HENDERSON SAM, MURRAY THEO, OWUSU JORDAN","Middlebury","10",0,3,3,1,1,1,0,1,5,8,62.5,0,1,0.0,0,0,0.0,4,4,8,0,0,0
"Rochester (N.Y.)","HENDERSON SAM, ODIBO JUSTIN, HENDERSON SAM, OPREA CORVIN, OWUSU JORDAN","Middlebury","9",0,4,4,1,3,0,1,3,3,6,50.0,1,2,50.0,2,4,50.0,0,0,0,0,0,0
"Rochester (N.Y.)","HENDERSON SAM, ODIBO JUSTIN, HENDERSON SAM, OPREA CORVIN, RAZI LUKE","Middlebury","2",0,0,0,0,0,0,0,1,1,1,100.0,0,0,0.0,0,0,0.0,1,1,2,0,0,0
"Rochester (N.Y.)","HENDERSON SAM, ADETOSOYE TOMIWA, HENDERSON SAM, OWUSU JORDAN, RAZI LUKE","Middlebury","7",0,3,3,2,0,0,1,1,3,5,60.0,0,1,0.0,1,2,50.0,0,0,0,0,0,0
"Rochester (N.Y.)","HENDERSON SAM, ADETOSOYE TOMIWA, HENDERSON SAM, OWUSU JORDAN, OPREA CORVIN","Middlebury","2",1,2,3,0,2,0,1,1,0,1,0.0,0,0,0.0,2,4,50.0,0,0,0,0,0,0
"Rochester (N.Y.)","HENDERSON SAM, ADETOSOYE TOMIWA, HENDERSON SAM, MURRAY THEO, OPREA CORVIN","Middlebury","0",0,0,0,0,0,0,0,0,0,0,0.0,0,0,0.0,0,0,0.0,0,0,0,0,0,0
"Middlebury","MURRAY IAN, FUERBACHER JUSTIN, FLAKS EVAN, MCKERSIE JACKSON, WITHERINGTON EDWARD","Rochester (N.Y.)","9",1,2,3,2,0,1,0,1,3,7,42.9,2,4,50.0,1,2,50.0,1,1,2,0,0,0
"Middlebury","MURRAY IAN, DUCREE DOMINICK, NEWELL MARK, CWALINA KUBA, RAMEY SAWYER","Rochester (N.Y.)","0",0,1,1,0,0,0,0,1,0,4,0.0,0,1,0.0,0,0,0.0,0,0,0,0,0,0
"Middlebury","LEE DONOVAN, FUERBACHER JUSTIN, NEWELL MARK, CWALINA KUBA, RAMEY SAWYER","Rochester (N.Y.)","3",0,1,1,0,1,0,0,1,1,2,50.0,0,1,0.0,1,2,50.0,1,1,2,0,0,0
"Middlebury","LEE DONOVAN, MORRISON HENRY, NEWELL MARK, CWALINA KUBA, RAMEY SAWYER","Rochester (N.Y.)","8",0,1,1,1,0,0,0,0,3,3,100.0,1,1,100.0,1,1,100.0,2,2,4,0,0,0
"Middlebury","LEE DONOVAN, MORRISON HENRY, MCKERSIE JACKSON, CWALINA KUBA, FLAKS EVAN","Rochester (N.Y.)","2",0,1,1,0,0,1,1,1,1,1,100.0,0,0,0.0,0,0,0.0,1,1,2,0,0,0
"Middlebury","LEE DONOVAN, MORRISON HENRY, URENA OLIVER, CWALINA KUBA, FLAKS EVAN","Rochester (N.Y.)","5",1,2,3,0,1,0,0,2,2,4,50.0,0,1,0.0,1,2,50.0,2,2,4,0,0,0
"Middlebury","FUERBACHER JUSTIN, MORRISON HENRY, URENA OLIVER, CWALINA KUBA, FLAKS EVAN","Rochester (N.Y.)","0",0,0,0,0,0,0,0,0,0,1,0.0,0,1,0.0,0,0,0.0,0,0,0,0,0,0
"Middlebury","FUERBACHER JUSTIN, NEWELL MARK, URENA OLIVER, MURRAY IAN, FLAKS EVAN","Rochester (N.Y.)","5",1,1,2,1,0,0,0,1,2,3,66.7,1,1,100.0,0,0,0.0,1,1,2,0,0,0
"Middlebury","WITHERINGTON EDWARD, NEWELL MARK, URENA OLIVER, MURRAY IAN, FLAKS EVAN","Rochester (N.Y.)","3",0,1,1,1,0,0,1,0,1,1,100.0,1,1,100.0,0,0,0.0,0,0,0,0,0,0
"Middlebury","WITHERINGTON EDWARD, NEWELL MARK, URENA OLIVER, MURRAY IAN, RAMEY SAWYER","Rochester (N.Y.)","6",1,2,3,3,0,0,0,0,3,4,75.0,0,0,0.0,0,0,0.0,2,2,4,0,0,0
"Middlebury","WITHERINGTON EDWARD, CWALINA KUBA, MORRISON HENRY, LEE DONOVAN, RAMEY SAWYER","Rochester (N.Y.)","0",1,0,1,0,0,0,0,0,0,2,0.0,0,0,0.0,0,1,0.0,0,0,0,0,0,0
"Middlebury","FUERBACHER JUSTIN, CWALINA KUBA, MORRISON HENRY, MURRAY IAN, FLAKS EVAN","Rochester (N.Y.)","12",3,2,5,1,0,0,2,2,5,13,38.5,1,4,25.0,1,1,100.0,2,2,4,0,0,0
"Middlebury","CWALINA KUBA, CWALINA KUBA, MORRISON HENRY, MURRAY IAN, FLAKS EVAN","Rochester (N.Y.)","1",0,0,0,0,0,0,0,1,0,0,0.0,0,0,0.0,1,1,100.0,0,0,0,0,0,0
"Middlebury","CWALINA KUBA, CWALINA KUBA, MORRISON HENRY, MURRAY IAN, RAMEY SAWYER","Rochester (N.Y.)","2",1,0,1,0,0,0,2,2,1,2,50.0,0,0,0.0,0,0,0.0,1,1,2,0,0,0
"Middlebury","CWALINA KUBA, CWALINA KUBA, MORRISON HENRY, LEE DONOVAN, RAMEY SAWYER","Rochester (N.Y.)","3",0,0,0,1,0,1,0,0,1,3,33.3,1,2,50.0,0,0,0.0,0,0,0,0,0,0
"Middlebury","CWALINA KUBA, CWALINA KUBA, MORRISON HENRY, URENA OLIVER, RAMEY SAWYER","Rochester (N.Y.)","0",0,0,0,0,0,0,0,0,0,2,0.0,0,1,0.0,0,0,0.0,0,0,0,0,0,0
"Middlebury","CWALINA KUBA, CWALINA KUBA, MCKERSIE JACKSON, URENA OLIVER, FLAKS EVAN","Rochester (N.Y.)","3",0,1,1,1,0,0,1,0,1,2,50.0,1,2,50.0,0,0,0.0,0,0,0,0,0,0
"Middlebury","CWALINA KUBA, CWALINA KUBA, NEWELL MARK, WITHERINGTON EDWARD, FLAKS EVAN","Rochester (N.Y.)","0",0,0,0,0,0,0,2,2,0,0,0.0,0,0,0.0,0,0,0.0,0,0,0,0,0,0
"Middlebury","CWALINA KUBA, CWALINA KUBA, NEWELL MARK, FUERBACHER JUSTIN, FLAKS EVAN","Rochester (N.Y.)","0",0,0,0,0,0,0,1,0,0,0,0.0,0,0,0.0,0,0,0.0,0,0,0,0,0,0
"Middlebury","MORRISON HENRY, CWALINA KUBA, NEWELL MARK, FUERBACHER JUSTIN, FLAKS EVAN","Rochester (N.Y.)","0",0,2,2,0,1,0,2,0,0,2,0.0,0,0,0.0,0,1,0.0,0,0,0,0,0,0
"Middlebury","MORRISON HENRY, CWALINA KUBA, DUCREE DOMINICK, FUERBACHER JUSTIN, CWALINA KUBA","Rochester (N.Y.)","2",2,2,4,0,0,0,0,1,0,3,0.0,0,1,0.0,2,2,100.0,0,0,0,0,0,0
"Middlebury","MORRISON HENRY, CWALINA KUBA, DUCREE DOMINICK, MURRAY IAN, CWALINA KUBA","Rochester (N.Y.)","5",1,1,2,0,1,0,2,1,2,4,50.0,0,0,0.0,1,2,50.0,1,1,2,0,0,0
"Middlebury","MCKERSIE JACKSON, CWALINA KUBA, DUCREE DOMINICK, MURRAY IAN, CWALINA KUBA","Rochester (N.Y.)","4",1,2,3,1,1,0,0,1,2,5,40.0,0,1,0.0,0,1,0.0,2,2,4,0,0,0
"Middlebury","MCKERSIE JACKSON, URENA OLIVER, DUCREE DOMINICK, MURRAY IAN, CWALINA KUBA","Rochester (N.Y.)","4",0,1,1,0,0,0,0,0,1,1,100.0,0,0,0.0,2,2,100.0,0,0,0,0,0,0
"Middlebury","MORRISON HENRY, FUERBACHER JUSTIN, DUCREE DOMINICK, MURRAY IAN, CWALINA KUBA","Rochester (N.Y.)","0",0,1,1,0,0,0,0,1,0,0,0.0,0,0,0.0,0,0,0.0,0,0,0,0,0,0